{"vertices":[{"x":-1.867998480796814,"y":-1.2229989767074586,"z":0.0},{"x":-2.306999683380127,"y":1.3699986934661866,"z":0.0},{"x":2.569002628326416,"y":1.2899985313415528,"z":0.0},{"x":2.0560035705566408,"y":-1.2769984006881714,"z":0.0}]}