{"vertices":[{"x":-1.2879984378814698,"y":-0.9229989051818848,"z":0.0},{"x":-1.7669999599456788,"y":1.6999987363815308,"z":0.0},{"x":2.9690022468566896,"y":1.5899986028671265,"z":0.0},{"x":2.4260032176971437,"y":-0.9469982385635376,"z":0.0}]}