{
    "vertices": [{
        "x": -0.5832042694091797,
        "y": -0.5229988098144531,
        "z": 0.0
    }, {
        "x": -0.5669996738433838,
        "y": 0.3999983072280884,
        "z": 0.0
    }, {
        "x": 0.729002833366394,
        "y": 0.43999791145324709,
        "z": 0.0
    }, {
        "x": 0.7260032892227173,
        "y": -0.4769977331161499,
        "z": 0.0
    }]
}