{"vertices":[{"x":-1.3869760036468506,"y":-1.20399808883667,"z":0.0},{"x":-1.7200088500976563,"y":1.4030002355575562,"z":0.0},{"x":1.955041766166687,"y":1.3019990921020508,"z":0.0},{"x":1.560987114906311,"y":-1.2549973726272584,"z":0.0}]}