{"vertices":[{"x":-1.3977713584899903,"y":-0.8928039073944092,"z":0.0},{"x":-1.859002947807312,"y":1.7229903936386109,"z":0.0},{"x":3.029040813446045,"y":1.6059918403625489,"z":0.0},{"x":2.505986452102661,"y":-0.9460024833679199,"z":0.0}]}