{"vertices":[{"x":-1.4037680625915528,"y":-0.9208040237426758,"z":0.0},{"x":-1.849003791809082,"y":1.6729906797409058,"z":0.0},{"x":3.0000414848327638,"y":1.5844910144805909,"z":0.0},{"x":2.463984251022339,"y":-0.9460039138793945,"z":0.0}]}