{"vertices":[{"x":-0.904767632484436,"y":-1.0008033514022828,"z":0.0},{"x":-1.1690036058425904,"y":1.5029906034469605,"z":0.0},{"x":2.3900420665740969,"y":1.4644908905029297,"z":0.0},{"x":2.0619843006134035,"y":-1.0860037803649903,"z":0.0}]}