{"vertices":[{"x":-0.27376788854599,"y":-0.32080376148223879,"z":0.0},{"x":-0.5690034627914429,"y":1.1029905080795289,"z":0.0},{"x":1.590042233467102,"y":0.9644907712936401,"z":0.0},{"x":1.5619841814041138,"y":-0.38600361347198489,"z":0.0}]}