{"vertices":[{"x":-1.381975769996643,"y":-1.3050028085708619,"z":0.0},{"x":-1.670006513595581,"y":1.2369924783706666,"z":0.0},{"x":1.9090396165847779,"y":1.1559922695159913,"z":0.0},{"x":1.5659873485565186,"y":-1.3560020923614503,"z":0.0}]}