{"vertices":[{"x":-1.0270192623138428,"y":-1.1870042085647584,"z":0.0},{"x":-1.0576908588409424,"y":1.1389940977096558,"z":0.0},{"x":1.2180033922195435,"y":1.0990122556686402,"z":0.0},{"x":1.2530198097229005,"y":-1.189000129699707,"z":0.0}]}