{"vertices":[{"x":-0.8350203037261963,"y":-1.1760053634643555,"z":0.0},{"x":-0.05299188941717148,"y":1.5319966077804566,"z":0.0},{"x":2.7490036487579347,"y":1.4590109586715699,"z":0.0},{"x":3.161017656326294,"y":-1.3739994764328004,"z":0.0}]}