{"vertices":[{"x":-1.3240190744400025,"y":-0.7870041131973267,"z":0.0},{"x":-0.8666912913322449,"y":0.7389940023422241,"z":0.0},{"x":1.1060028076171876,"y":0.7450123429298401,"z":0.0},{"x":1.1530197858810425,"y":-0.7890000939369202,"z":0.0}]}