{"vertices":[{"x":-0.8000199198722839,"y":-0.8380040526390076,"z":0.0},{"x":-0.47569191455841067,"y":0.6429942846298218,"z":0.0},{"x":1.113003134727478,"y":0.5310127139091492,"z":0.0},{"x":1.2030197381973267,"y":-0.918999969959259,"z":0.0}]}