{"vertices":[{"x":-0.8080198168754578,"y":-0.8370040655136108,"z":0.0},{"x":-0.49669164419174197,"y":0.6589940786361694,"z":0.0},{"x":1.1060028076171876,"y":0.5450125336647034,"z":0.0},{"x":1.2030197381973267,"y":-0.918999969959259,"z":0.0}]}