{"vertices":[{"x":-1.0270192623138428,"y":-1.1870042085647584,"z":0.0},{"x":-1.066691279411316,"y":1.1389940977096558,"z":0.0},{"x":1.1060028076171876,"y":0.7450123429298401,"z":0.0},{"x":1.1530197858810425,"y":-0.7890000939369202,"z":0.0}]}