{"id":[0,1,2],"color":[{"r":0.43700000643730166,"g":0.4659999907016754,"b":0.5270000100135803,"a":1.0},{"r":0.039000000804662707,"g":0.07800000160932541,"b":0.5400000214576721,"a":1.0},{"r":0.6430000066757202,"g":0.2809999883174896,"b":0.09700000286102295,"a":1.0}],"gridPosition":{"x":5.021999835968018,"y":0.0,"z":-19.97800064086914}}