{"id":[0,1,2],"color":[{"r":0.49799999594688418,"g":0.47099998593330386,"b":0.5809999704360962,"a":1.0},{"r":0.16300000250339509,"g":0.18700000643730164,"b":0.2409999966621399,"a":1.0},{"r":0.35600000619888308,"g":0.11400000005960465,"b":0.1379999965429306,"a":1.0}],"gridPosition":{"x":5.0,"y":0.0,"z":-20.0}}