{"vertices":[{"x":-3.474997043609619,"y":-0.020000001415610315,"z":0.0},{"x":-3.499997138977051,"y":5.184997081756592,"z":0.0},{"x":1.8899991512298585,"y":5.089996814727783,"z":0.0},{"x":1.8699991703033448,"y":0.0,"z":0.0}]}