{"vertices":[{"x":-0.5890001058578491,"y":-0.3850003182888031,"z":0.0},{"x":-0.7079994678497315,"y":0.421999990940094,"z":0.0},{"x":0.8070008754730225,"y":0.42000025510787966,"z":0.0},{"x":0.6900001764297485,"y":-0.4210008382797241,"z":0.0}]}