{"vertices":[{"x":-0.8859862685203552,"y":-0.7889992594718933,"z":0.0},{"x":-1.2779959440231324,"y":1.843001365661621,"z":0.0},{"x":2.4590041637420656,"y":1.8049982786178589,"z":0.0},{"x":2.051997423171997,"y":-0.8250023722648621,"z":0.0}]}