{"vertices":[{"x":-1.321996808052063,"y":-1.3429988622665406,"z":0.0},{"x":-1.8419989347457886,"y":2.1120007038116457,"z":0.0},{"x":3.0140011310577394,"y":1.9439995288848878,"z":0.0},{"x":2.458000898361206,"y":-1.3619985580444337,"z":0.0}]}