{"vertices":[{"x":-1.6090463399887086,"y":-1.1350032091140748,"z":0.0},{"x":-1.119691014289856,"y":0.7794911861419678,"z":0.0},{"x":0.8739985227584839,"y":0.6800104379653931,"z":0.0},{"x":1.1130144596099854,"y":-1.2700022459030152,"z":0.0}]}