{"id":[0,1,2],"color":[{"r":0.5640000104904175,"g":0.652999997138977,"b":0.9789999723434448,"a":1.0},{"r":0.039000000804662707,"g":0.07800000160932541,"b":0.35600000619888308,"a":1.0},{"r":0.7630000114440918,"g":0.2809999883174896,"b":0.04600000008940697,"a":1.0}],"gridPosition":{"x":5.03000020980835,"y":0.0,"z":-20.0310001373291},"dockPosition":{"x":-0.16899999976158143,"y":0.0,"z":0.049800001084804538}}