{"vertices":[{"x":-0.44701915979385378,"y":-0.8870041370391846,"z":0.0},{"x":-0.5176907777786255,"y":1.468994140625,"z":0.0},{"x":1.618003487586975,"y":1.3990123271942139,"z":0.0},{"x":1.623019814491272,"y":-0.8589999675750732,"z":0.0}]}