{"vertices":[{"x":-0.5418009161949158,"y":-0.5709962844848633,"z":0.0},{"x":-0.6956959366798401,"y":0.31300079822540285,"z":0.0},{"x":0.9719988107681274,"y":0.2840002775192261,"z":0.0},{"x":0.7940029501914978,"y":-0.5949965715408325,"z":0.0}]}